date,location,target,assay,conc,type,frequency,lod,label
2021-07-13,Inlet,16S rRNA,16s rrna,1157580.373182551,Passive,Weekly,260,NA
2021-07-13,Outlet,16S rRNA,16s rrna,840699.017496502,Passive,Weekly,260,NA
2021-07-13,Inlet,16S rRNA,16s rrna,119847.99517405743,Grab,Weekly,180,NA
2021-07-13,Outlet,16S rRNA,16s rrna,96933.15145586943,Grab,Weekly,180,NA
2021-07-13,Inlet,cyrA,toxins,28.039632345407632,Passive,Weekly,260,italic(`cyrA`)
2021-07-13,Outlet,cyrA,toxins,7.576115779257959,Passive,Weekly,260,italic(`cyrA`)
2021-07-13,Inlet,cyrA,toxins,NA,Grab,Weekly,180,italic(`cyrA`)
2021-07-13,Outlet,cyrA,toxins,NA,Grab,Weekly,180,italic(`cyrA`)
2021-07-13,Inlet,sxtA,toxins,NA,Passive,Weekly,260,italic(`sxtA`)
2021-07-13,Outlet,sxtA,toxins,NA,Passive,Weekly,260,italic(`sxtA`)
2021-07-13,Inlet,sxtA,toxins,NA,Grab,Weekly,180,italic(`sxtA`)
2021-07-13,Outlet,sxtA,toxins,NA,Grab,Weekly,180,italic(`sxtA`)
2021-07-13,Outlet,mcyE/ndaF,toxins,NA,Passive,Weekly,260,italic(`mcyE/ndaF`)
2021-07-13,Inlet,mcyE/ndaF,toxins,98.35494200477986,Grab,Weekly,180,italic(`mcyE/ndaF`)
2021-07-13,Outlet,mcyE/ndaF,toxins,59.26708186388176,Grab,Weekly,180,italic(`mcyE/ndaF`)
2021-07-15,Intake,16S rRNA,16s rrna,961542.4065018735,Passive,Weekly,260,NA
2021-07-15,Intake,cyrA,toxins,NA,Passive,Weekly,260,italic(`cyrA`)
2021-07-15,Intake,sxtA,toxins,NA,Passive,Weekly,260,italic(`sxtA`)
2021-07-15,Intake,mcyE/ndaF,toxins,3093.382899584666,Passive,Weekly,260,italic(`mcyE/ndaF`)
2021-07-20,Inlet,16S rRNA,16s rrna,88812.52706576644,Grab,Weekly,180,NA
2021-07-20,Outlet,16S rRNA,16s rrna,68796.72974066478,Grab,Weekly,180,NA
2021-07-20,Inlet,16S rRNA,16s rrna,526745.769497178,Passive,Weekly,260,NA
2021-07-20,Inlet,16S rRNA,16s rrna,455869.60477544466,Passive,Bi-Weekly,260,NA
2021-07-20,Outlet,16S rRNA,16s rrna,1167368.5650299771,Passive,Weekly,260,NA
2021-07-20,Outlet,16S rRNA,16s rrna,2670404.759680373,Passive,Bi-Weekly,260,NA
2021-07-20,Inlet,cyrA,toxins,NA,Grab,Weekly,180,italic(`cyrA`)
2021-07-20,Outlet,cyrA,toxins,NA,Grab,Weekly,180,italic(`cyrA`)
2021-07-20,Inlet,cyrA,toxins,NA,Passive,Weekly,260,italic(`cyrA`)
2021-07-20,Inlet,cyrA,toxins,NA,Passive,Bi-Weekly,260,italic(`cyrA`)
2021-07-20,Outlet,cyrA,toxins,84.12961266055483,Passive,Weekly,260,italic(`cyrA`)
2021-07-20,Outlet,cyrA,toxins,NA,Passive,Bi-Weekly,260,italic(`cyrA`)
2021-07-20,Inlet,sxtA,toxins,NA,Grab,Weekly,180,italic(`sxtA`)
2021-07-20,Outlet,sxtA,toxins,NA,Grab,Weekly,180,italic(`sxtA`)
2021-07-20,Inlet,sxtA,toxins,NA,Passive,Weekly,260,italic(`sxtA`)
2021-07-20,Inlet,sxtA,toxins,NA,Passive,Bi-Weekly,260,italic(`sxtA`)
2021-07-20,Outlet,sxtA,toxins,7.991304752209299,Passive,Weekly,260,italic(`sxtA`)
2021-07-20,Outlet,sxtA,toxins,NA,Passive,Bi-Weekly,260,italic(`sxtA`)
2021-07-20,Inlet,mcyE/ndaF,toxins,63.3147141066697,Grab,Weekly,180,italic(`mcyE/ndaF`)
2021-07-20,Outlet,mcyE/ndaF,toxins,88.28465243597915,Grab,Weekly,180,italic(`mcyE/ndaF`)
2021-07-20,Inlet,mcyE/ndaF,toxins,NA,Passive,Weekly,260,italic(`mcyE/ndaF`)
2021-07-20,Inlet,mcyE/ndaF,toxins,NA,Passive,Bi-Weekly,260,italic(`mcyE/ndaF`)
2021-07-20,Outlet,mcyE/ndaF,toxins,64.81607408166185,Passive,Weekly,260,italic(`mcyE/ndaF`)
2021-07-20,Outlet,mcyE/ndaF,toxins,NA,Passive,Bi-Weekly,260,italic(`mcyE/ndaF`)
2021-07-22,Intake,16S rRNA,16s rrna,863890.3932723032,Passive,Weekly,260,NA
2021-07-22,Intake,cyrA,toxins,NA,Passive,Weekly,260,italic(`cyrA`)
2021-07-22,Intake,sxtA,toxins,NA,Passive,Weekly,260,italic(`sxtA`)
2021-07-22,Intake,mcyE/ndaF,toxins,989.6280824680119,Passive,Weekly,260,italic(`mcyE/ndaF`)
2021-07-27,Inlet,16S rRNA,16s rrna,413800.47177633183,Passive,Weekly,260,NA
2021-07-27,Outlet,16S rRNA,16s rrna,920888.3448847814,Passive,Weekly,260,NA
2021-07-27,Inlet,16S rRNA,16s rrna,128834.91753158186,Grab,Weekly,180,NA
2021-07-27,Outlet,16S rRNA,16s rrna,144106.30214827275,Grab,Weekly,180,NA
2021-07-27,Inlet,cyrA,toxins,814.3692736460267,Passive,Weekly,260,italic(`cyrA`)
2021-07-27,Outlet,cyrA,toxins,NA,Passive,Weekly,260,italic(`cyrA`)
2021-07-27,Inlet,cyrA,toxins,NA,Grab,Weekly,180,italic(`cyrA`)
2021-07-27,Outlet,cyrA,toxins,6.312624787152882,Grab,Weekly,180,italic(`cyrA`)
2021-07-27,Inlet,sxtA,toxins,NA,Passive,Weekly,260,italic(`sxtA`)
2021-07-27,Outlet,sxtA,toxins,NA,Passive,Weekly,260,italic(`sxtA`)
2021-07-27,Inlet,sxtA,toxins,NA,Grab,Weekly,180,italic(`sxtA`)
2021-07-27,Outlet,sxtA,toxins,NA,Grab,Weekly,180,italic(`sxtA`)
2021-07-27,Inlet,mcyE/ndaF,toxins,72.52958778460611,Passive,Weekly,260,italic(`mcyE/ndaF`)
2021-07-27,Outlet,mcyE/ndaF,toxins,41.25857653380989,Passive,Weekly,260,italic(`mcyE/ndaF`)
2021-07-27,Inlet,mcyE/ndaF,toxins,176.12499087078282,Grab,Weekly,180,italic(`mcyE/ndaF`)
2021-07-27,Outlet,mcyE/ndaF,toxins,886.3485080257699,Grab,Weekly,180,italic(`mcyE/ndaF`)
2021-07-28,Intake,16S rRNA,16s rrna,917941.458749899,Passive,Weekly,260,NA
2021-07-28,Intake,cyrA,toxins,134.2725265525872,Passive,Weekly,260,italic(`cyrA`)
2021-07-28,Intake,sxtA,toxins,NA,Passive,Weekly,260,italic(`sxtA`)
2021-07-28,Intake,mcyE/ndaF,toxins,26680.941598651872,Passive,Weekly,260,italic(`mcyE/ndaF`)
2021-08-03,Inlet,16S rRNA,16s rrna,1819662.476457634,Passive,Bi-Weekly,260,NA
2021-08-03,Outlet,16S rRNA,16s rrna,308102.00370503735,Passive,Weekly,260,NA
2021-08-03,Outlet,16S rRNA,16s rrna,476162.102526812,Passive,Bi-Weekly,260,NA
2021-08-03,Inlet,16S rRNA,16s rrna,73707.72993604955,Grab,Weekly,180,NA
2021-08-03,Outlet,16S rRNA,16s rrna,107574.28827550203,Grab,Weekly,180,NA
2021-08-03,Inlet,16S rRNA,16s rrna,324612.82281204715,Passive,Weekly,260,NA
2021-08-03,Inlet,cyrA,toxins,69.0711728062364,Passive,Bi-Weekly,260,italic(`cyrA`)
2021-08-03,Outlet,cyrA,toxins,1010.3724709546035,Passive,Weekly,260,italic(`cyrA`)
2021-08-03,Outlet,cyrA,toxins,NA,Passive,Bi-Weekly,260,italic(`cyrA`)
2021-08-03,Inlet,cyrA,toxins,6.566708102633147,Grab,Weekly,180,italic(`cyrA`)
2021-08-03,Outlet,cyrA,toxins,NA,Grab,Weekly,180,italic(`cyrA`)
2021-08-03,Inlet,sxtA,toxins,NA,Passive,Bi-Weekly,260,italic(`sxtA`)
2021-08-03,Outlet,sxtA,toxins,NA,Passive,Weekly,260,italic(`sxtA`)
2021-08-03,Outlet,sxtA,toxins,NA,Passive,Bi-Weekly,260,italic(`sxtA`)
2021-08-03,Inlet,sxtA,toxins,NA,Grab,Weekly,180,italic(`sxtA`)
2021-08-03,Outlet,sxtA,toxins,NA,Grab,Weekly,180,italic(`sxtA`)
2021-08-03,Inlet,mcyE/ndaF,toxins,30.45218897066558,Passive,Bi-Weekly,260,italic(`mcyE/ndaF`)
2021-08-03,Outlet,mcyE/ndaF,toxins,31.95694490830141,Passive,Weekly,260,italic(`mcyE/ndaF`)
2021-08-03,Outlet,mcyE/ndaF,toxins,NA,Passive,Bi-Weekly,260,italic(`mcyE/ndaF`)
2021-08-03,Inlet,mcyE/ndaF,toxins,228.25699798502492,Grab,Weekly,180,italic(`mcyE/ndaF`)
2021-08-03,Outlet,mcyE/ndaF,toxins,811.0636123716014,Grab,Weekly,180,italic(`mcyE/ndaF`)
2021-08-03,Inlet,cyrA,toxins,1474.0509990655944,Passive,Weekly,260,italic(`cyrA`)
2021-08-03,Inlet,sxtA,toxins,NA,Passive,Weekly,260,italic(`sxtA`)
2021-08-03,Inlet,mcyE/ndaF,toxins,NA,Passive,Weekly,260,italic(`mcyE/ndaF`)
2021-08-05,Intake,16S rRNA,16s rrna,959927.4299026692,Passive,Weekly,260,NA
2021-08-05,Intake,cyrA,toxins,NA,Passive,Weekly,260,italic(`cyrA`)
2021-08-05,Intake,sxtA,toxins,NA,Passive,Weekly,260,italic(`sxtA`)
2021-08-05,Intake,mcyE/ndaF,toxins,18054.76297303043,Passive,Weekly,260,italic(`mcyE/ndaF`)
2021-08-10,Inlet,16S rRNA,16s rrna,141911.20846818743,Grab,Weekly,180,NA
2021-08-10,Outlet,16S rRNA,16s rrna,185593.6044316189,Grab,Weekly,180,NA
2021-08-10,Inlet,16S rRNA,16s rrna,537650.7760188739,Passive,Weekly,260,NA
2021-08-10,Outlet,16S rRNA,16s rrna,140773.33204395702,Passive,Weekly,260,NA
2021-08-10,Inlet,cyrA,toxins,NA,Grab,Weekly,180,italic(`cyrA`)
2021-08-10,Outlet,cyrA,toxins,51.91938917944194,Grab,Weekly,180,italic(`cyrA`)
2021-08-10,Inlet,cyrA,toxins,353.5553103238604,Passive,Weekly,260,italic(`cyrA`)
2021-08-10,Outlet,cyrA,toxins,NA,Passive,Weekly,260,italic(`cyrA`)
2021-08-10,Inlet,sxtA,toxins,NA,Grab,Weekly,180,italic(`sxtA`)
2021-08-10,Outlet,sxtA,toxins,NA,Grab,Weekly,180,italic(`sxtA`)
2021-08-10,Inlet,sxtA,toxins,170.5703206006012,Passive,Weekly,260,italic(`sxtA`)
2021-08-10,Outlet,sxtA,toxins,NA,Passive,Weekly,260,italic(`sxtA`)
2021-08-10,Inlet,mcyE/ndaF,toxins,455.9932903049769,Grab,Weekly,180,italic(`mcyE/ndaF`)
2021-08-10,Outlet,mcyE/ndaF,toxins,2182.395058343826,Grab,Weekly,180,italic(`mcyE/ndaF`)
2021-08-10,Inlet,mcyE/ndaF,toxins,544.3389398083007,Passive,Weekly,260,italic(`mcyE/ndaF`)
2021-08-10,Outlet,mcyE/ndaF,toxins,22.688433516693912,Passive,Weekly,260,italic(`mcyE/ndaF`)
2021-08-12,Intake,16S rRNA,16s rrna,339755.1010191884,Passive,Weekly,260,NA
2021-08-12,Intake,cyrA,toxins,34.96693435408761,Passive,Weekly,260,italic(`cyrA`)
2021-08-12,Intake,sxtA,toxins,NA,Passive,Weekly,260,italic(`sxtA`)
2021-08-12,Intake,mcyE/ndaF,toxins,56139.62422189639,Passive,Weekly,260,italic(`mcyE/ndaF`)
2021-08-17,Inlet,16S rRNA,16s rrna,494244.1463982397,Passive,Weekly,260,NA
2021-08-17,Inlet,16S rRNA,16s rrna,580098.3425695943,Passive,Bi-Weekly,260,NA
2021-08-17,Inlet,16S rRNA,16s rrna,124436.91287684954,Grab,Weekly,180,NA
2021-08-17,Outlet,16S rRNA,16s rrna,110783.8611201716,Grab,Weekly,180,NA
2021-08-17,Inlet,cyrA,toxins,NA,Passive,Weekly,260,italic(`cyrA`)
2021-08-17,Inlet,cyrA,toxins,2731.7166158916198,Passive,Bi-Weekly,260,italic(`cyrA`)
2021-08-17,Inlet,cyrA,toxins,NA,Grab,Weekly,180,italic(`cyrA`)
2021-08-17,Outlet,cyrA,toxins,1.4016827846854258,Grab,Weekly,180,italic(`cyrA`)
2021-08-17,Inlet,sxtA,toxins,NA,Passive,Weekly,260,italic(`sxtA`)
2021-08-17,Inlet,sxtA,toxins,NA,Passive,Bi-Weekly,260,italic(`sxtA`)
2021-08-17,Inlet,sxtA,toxins,NA,Grab,Weekly,180,italic(`sxtA`)
2021-08-17,Outlet,sxtA,toxins,NA,Grab,Weekly,180,italic(`sxtA`)
2021-08-17,Inlet,mcyE/ndaF,toxins,420.76714664335236,Passive,Weekly,260,italic(`mcyE/ndaF`)
2021-08-17,Inlet,mcyE/ndaF,toxins,NA,Passive,Bi-Weekly,260,italic(`mcyE/ndaF`)
2021-08-17,Inlet,mcyE/ndaF,toxins,558.6644237039828,Grab,Weekly,180,italic(`mcyE/ndaF`)
2021-08-17,Outlet,mcyE/ndaF,toxins,1923.8811005400983,Grab,Weekly,180,italic(`mcyE/ndaF`)
2021-08-19,Intake,16S rRNA,16s rrna,760993.6346695026,Passive,Weekly,260,NA
2021-08-24,Outlet,16S rRNA,16s rrna,73618.40026812552,Passive,Bi-Weekly,260,NA
2021-08-24,Inlet,16S rRNA,16s rrna,90394.81608600049,Grab,Weekly,180,NA
2021-08-24,Outlet,16S rRNA,16s rrna,142274.44827173383,Grab,Weekly,180,NA
2021-08-24,Inlet,16S rRNA,16s rrna,253599.59674799425,Passive,Weekly,260,NA
2021-08-24,Outlet,16S rRNA,16s rrna,168082.88954933282,Passive,Weekly,260,NA
2021-08-24,Outlet,cyrA,toxins,28.976604655623998,Passive,Bi-Weekly,260,italic(`cyrA`)
2021-08-24,Inlet,cyrA,toxins,NA,Grab,Weekly,180,italic(`cyrA`)
2021-08-24,Outlet,cyrA,toxins,1.1821330490768696,Grab,Weekly,180,italic(`cyrA`)
2021-08-24,Inlet,cyrA,toxins,NA,Passive,Weekly,260,italic(`cyrA`)
2021-08-24,Outlet,cyrA,toxins,NA,Passive,Weekly,260,italic(`cyrA`)
2021-08-24,Outlet,sxtA,toxins,NA,Passive,Bi-Weekly,260,italic(`sxtA`)
2021-08-24,Inlet,sxtA,toxins,NA,Grab,Weekly,180,italic(`sxtA`)
2021-08-24,Outlet,sxtA,toxins,NA,Grab,Weekly,180,italic(`sxtA`)
2021-08-24,Inlet,sxtA,toxins,NA,Passive,Weekly,260,italic(`sxtA`)
2021-08-24,Outlet,sxtA,toxins,NA,Passive,Weekly,260,italic(`sxtA`)
2021-08-24,Outlet,mcyE/ndaF,toxins,NA,Passive,Bi-Weekly,260,italic(`mcyE/ndaF`)
2021-08-24,Inlet,mcyE/ndaF,toxins,775.549741381776,Grab,Weekly,180,italic(`mcyE/ndaF`)
2021-08-24,Outlet,mcyE/ndaF,toxins,1734.4855729072349,Grab,Weekly,180,italic(`mcyE/ndaF`)
2021-08-24,Inlet,mcyE/ndaF,toxins,NA,Passive,Weekly,260,italic(`mcyE/ndaF`)
2021-08-24,Outlet,mcyE/ndaF,toxins,8.49799467863854,Passive,Weekly,260,italic(`mcyE/ndaF`)
2021-08-26,Intake,16S rRNA,16s rrna,884351.8509090891,Passive,Weekly,260,NA
2021-08-31,Inlet,16S rRNA,16s rrna,524977.997196516,Passive,Weekly,260,NA
2021-08-31,Inlet,16S rRNA,16s rrna,1322990.439894711,Passive,Bi-Weekly,260,NA
2021-08-31,Outlet,16S rRNA,16s rrna,271932.9702215355,Passive,Weekly,260,NA
2021-08-31,Outlet,16S rRNA,16s rrna,31899.234185579397,Passive,Bi-Weekly,260,NA
2021-08-31,Inlet,16S rRNA,16s rrna,288419.47794991056,Grab,Weekly,180,NA
2021-08-31,Outlet,16S rRNA,16s rrna,359944.53672804503,Grab,Weekly,180,NA
2021-08-31,Inlet,cyrA,toxins,NA,Passive,Weekly,260,italic(`cyrA`)
2021-08-31,Inlet,cyrA,toxins,1442.9068071184176,Passive,Bi-Weekly,260,italic(`cyrA`)
2021-08-31,Outlet,cyrA,toxins,NA,Passive,Weekly,260,italic(`cyrA`)
2021-08-31,Outlet,cyrA,toxins,NA,Passive,Bi-Weekly,260,italic(`cyrA`)
2021-08-31,Inlet,sxtA,toxins,17.89037449151206,Passive,Weekly,260,italic(`sxtA`)
2021-08-31,Inlet,sxtA,toxins,484.8227192788675,Passive,Bi-Weekly,260,italic(`sxtA`)
2021-08-31,Outlet,sxtA,toxins,NA,Passive,Weekly,260,italic(`sxtA`)
2021-08-31,Outlet,sxtA,toxins,NA,Passive,Bi-Weekly,260,italic(`sxtA`)
2021-08-31,Inlet,mcyE/ndaF,toxins,15.24732625526245,Passive,Weekly,260,italic(`mcyE/ndaF`)
2021-08-31,Inlet,mcyE/ndaF,toxins,27.6345339748962,Passive,Bi-Weekly,260,italic(`mcyE/ndaF`)
2021-08-31,Outlet,mcyE/ndaF,toxins,27.968927618560603,Passive,Weekly,260,italic(`mcyE/ndaF`)
2021-08-31,Outlet,mcyE/ndaF,toxins,NA,Passive,Bi-Weekly,260,italic(`mcyE/ndaF`)
2021-08-31,Inlet,cyrA,toxins,NA,Grab,Weekly,180,italic(`cyrA`)
2021-08-31,Outlet,cyrA,toxins,8.239885939347202,Grab,Weekly,180,italic(`cyrA`)
2021-08-31,Inlet,sxtA,toxins,NA,Grab,Weekly,180,italic(`sxtA`)
2021-08-31,Outlet,sxtA,toxins,NA,Grab,Weekly,180,italic(`sxtA`)
2021-08-31,Inlet,mcyE/ndaF,toxins,4020.06622125841,Grab,Weekly,180,italic(`mcyE/ndaF`)
2021-08-31,Outlet,mcyE/ndaF,toxins,20777.36874917402,Grab,Weekly,180,italic(`mcyE/ndaF`)
2021-09-02,Intake,16S rRNA,16s rrna,146523.1978910336,Passive,Weekly,260,NA
2021-09-02,Intake,cyrA,toxins,4.091273543030604,Passive,Weekly,260,italic(`cyrA`)
2021-09-02,Intake,sxtA,toxins,NA,Passive,Weekly,260,italic(`sxtA`)
2021-09-02,Intake,mcyE/ndaF,toxins,3236.89523531144,Passive,Weekly,260,italic(`mcyE/ndaF`)
2021-09-02,Intake,16S rRNA,16s rrna,196051.27988676168,Passive,Weekly,260,NA
2021-09-07,Inlet,16S rRNA,16s rrna,2285301.7054287842,Passive,Weekly,260,NA
2021-09-07,Outlet,16S rRNA,16s rrna,1225640.9212361556,Passive,Weekly,260,NA
2021-09-07,Inlet,16S rRNA,16s rrna,274321.6841132201,Grab,Weekly,180,NA
2021-09-07,Outlet,16S rRNA,16s rrna,352823.8978387136,Grab,Weekly,180,NA
2021-09-07,Inlet,cyrA,toxins,1659.4567565792477,Passive,Weekly,260,italic(`cyrA`)
2021-09-07,Outlet,cyrA,toxins,933.5736698963692,Passive,Weekly,260,italic(`cyrA`)
2021-09-07,Inlet,cyrA,toxins,23.603297408042614,Grab,Weekly,180,italic(`cyrA`)
2021-09-07,Outlet,cyrA,toxins,0.8145357693524317,Grab,Weekly,180,italic(`cyrA`)
2021-09-07,Inlet,sxtA,toxins,782.4397657145801,Passive,Weekly,260,italic(`sxtA`)
2021-09-07,Outlet,sxtA,toxins,NA,Passive,Weekly,260,italic(`sxtA`)
2021-09-07,Inlet,sxtA,toxins,NA,Grab,Weekly,180,italic(`sxtA`)
2021-09-07,Outlet,sxtA,toxins,NA,Grab,Weekly,180,italic(`sxtA`)
2021-09-07,Inlet,mcyE/ndaF,toxins,771.51039227864,Passive,Weekly,260,italic(`mcyE/ndaF`)
2021-09-07,Outlet,mcyE/ndaF,toxins,6587.767533181038,Passive,Weekly,260,italic(`mcyE/ndaF`)
2021-09-07,Inlet,mcyE/ndaF,toxins,5940.104810737844,Grab,Weekly,180,italic(`mcyE/ndaF`)
2021-09-07,Outlet,mcyE/ndaF,toxins,38272.63629829804,Grab,Weekly,180,italic(`mcyE/ndaF`)
2021-09-09,Intake,16S rRNA,16s rrna,143382.76660474812,Passive,Weekly,260,NA
2021-09-09,Intake,cyrA,toxins,NA,Passive,Weekly,260,italic(`cyrA`)
2021-09-09,Intake,sxtA,toxins,NA,Passive,Weekly,260,italic(`sxtA`)
2021-09-09,Intake,mcyE/ndaF,toxins,3593.1310773929204,Passive,Weekly,260,italic(`mcyE/ndaF`)
2021-09-09,Intake,16S rRNA,16s rrna,196095.7651004624,Passive,Weekly,260,NA
2021-09-14,Inlet,16S rRNA,16s rrna,2216230.9353322526,Passive,Bi-Weekly,260,NA
2021-09-14,Outlet,16S rRNA,16s rrna,1085305.4411973297,Passive,Weekly,260,NA
2021-09-14,Outlet,16S rRNA,16s rrna,708905.9513902199,Passive,Bi-Weekly,260,NA
2021-09-14,Inlet,16S rRNA,16s rrna,380215.5606163065,Grab,Weekly,180,NA
2021-09-14,Outlet,16S rRNA,16s rrna,384233.2792266355,Grab,Weekly,180,NA
2021-09-14,Inlet,16S rRNA,16s rrna,478473.5833315002,Passive,Weekly,260,NA
2021-09-14,Inlet,cyrA,toxins,2699.7619344753575,Passive,Bi-Weekly,260,italic(`cyrA`)
2021-09-14,Outlet,cyrA,toxins,NA,Passive,Weekly,260,italic(`cyrA`)
2021-09-14,Outlet,cyrA,toxins,22.740402941662243,Passive,Bi-Weekly,260,italic(`cyrA`)
2021-09-14,Inlet,cyrA,toxins,NA,Grab,Weekly,180,italic(`cyrA`)
2021-09-14,Outlet,cyrA,toxins,4.394502847782975,Grab,Weekly,180,italic(`cyrA`)
2021-09-14,Inlet,cyrA,toxins,187.5480768044468,Passive,Weekly,260,italic(`cyrA`)
2021-09-14,Inlet,sxtA,toxins,636.22022935937,Passive,Bi-Weekly,260,italic(`sxtA`)
2021-09-14,Outlet,sxtA,toxins,NA,Passive,Weekly,260,italic(`sxtA`)
2021-09-14,Outlet,sxtA,toxins,NA,Passive,Bi-Weekly,260,italic(`sxtA`)
2021-09-14,Inlet,sxtA,toxins,NA,Grab,Weekly,180,italic(`sxtA`)
2021-09-14,Outlet,sxtA,toxins,NA,Grab,Weekly,180,italic(`sxtA`)
2021-09-14,Inlet,sxtA,toxins,NA,Passive,Weekly,260,italic(`sxtA`)
2021-09-14,Inlet,mcyE/ndaF,toxins,1701.9463437675988,Passive,Bi-Weekly,260,italic(`mcyE/ndaF`)
2021-09-14,Outlet,mcyE/ndaF,toxins,3739.362835715388,Passive,Weekly,260,italic(`mcyE/ndaF`)
2021-09-14,Outlet,mcyE/ndaF,toxins,1479.8844700387501,Passive,Bi-Weekly,260,italic(`mcyE/ndaF`)
2021-09-14,Inlet,mcyE/ndaF,toxins,4363.869588520789,Grab,Weekly,180,italic(`mcyE/ndaF`)
2021-09-14,Outlet,mcyE/ndaF,toxins,27068.9444202211,Grab,Weekly,180,italic(`mcyE/ndaF`)
2021-09-14,Inlet,mcyE/ndaF,toxins,26.75776176383171,Passive,Weekly,260,italic(`mcyE/ndaF`)
2021-09-16,Intake,16S rRNA,16s rrna,1001635.0917861128,Passive,Weekly,260,NA
2021-09-16,Intake,cyrA,toxins,NA,Passive,Weekly,260,italic(`cyrA`)
2021-09-16,Intake,sxtA,toxins,NA,Passive,Weekly,260,italic(`sxtA`)
2021-09-16,Intake,mcyE/ndaF,toxins,35848.37409442709,Passive,Weekly,260,italic(`mcyE/ndaF`)
2021-09-21,Inlet,16S rRNA,16s rrna,122579.67220105675,Passive,Weekly,260,NA
2021-09-21,Outlet,16S rRNA,16s rrna,113557.9857080162,Passive,Weekly,260,NA
2021-09-21,Inlet,16S rRNA,16s rrna,44834.617295572694,Grab,Weekly,180,NA
2021-09-21,Outlet,16S rRNA,16s rrna,89933.51756790988,Grab,Weekly,180,NA
2021-09-21,Inlet,cyrA,toxins,NA,Passive,Weekly,260,italic(`cyrA`)
2021-09-21,Outlet,cyrA,toxins,NA,Passive,Weekly,260,italic(`cyrA`)
2021-09-21,Inlet,cyrA,toxins,NA,Grab,Weekly,180,italic(`cyrA`)
2021-09-21,Outlet,cyrA,toxins,NA,Grab,Weekly,180,italic(`cyrA`)
2021-09-21,Inlet,sxtA,toxins,NA,Passive,Weekly,260,italic(`sxtA`)
2021-09-21,Outlet,sxtA,toxins,NA,Passive,Weekly,260,italic(`sxtA`)
2021-09-21,Inlet,sxtA,toxins,NA,Grab,Weekly,180,italic(`sxtA`)
2021-09-21,Outlet,sxtA,toxins,NA,Grab,Weekly,180,italic(`sxtA`)
2021-09-21,Inlet,mcyE/ndaF,toxins,NA,Passive,Weekly,260,italic(`mcyE/ndaF`)
2021-09-21,Outlet,mcyE/ndaF,toxins,147.5500244912651,Passive,Weekly,260,italic(`mcyE/ndaF`)
2021-09-21,Inlet,mcyE/ndaF,toxins,178.16128359539235,Grab,Weekly,180,italic(`mcyE/ndaF`)
2021-09-21,Outlet,mcyE/ndaF,toxins,954.6747562689293,Grab,Weekly,180,italic(`mcyE/ndaF`)
2021-09-21,Inlet,16S rRNA,16s rrna,160071.9875766062,Passive,Weekly,260,NA
2021-09-21,Outlet,16S rRNA,16s rrna,158563.37034441042,Passive,Weekly,260,NA
2021-09-21,Inlet,16S rRNA,16s rrna,64152.19586982592,Grab,Weekly,180,NA
2021-09-21,Outlet,16S rRNA,16s rrna,119289.92717776827,Grab,Weekly,180,NA
2021-09-23,Intake,cyrA,toxins,8.061166324903846,Passive,Weekly,260,italic(`cyrA`)
2021-09-23,Intake,sxtA,toxins,NA,Passive,Weekly,260,italic(`sxtA`)
2021-09-23,Intake,mcyE/ndaF,toxins,1464.4550625161278,Passive,Weekly,260,italic(`mcyE/ndaF`)
2021-09-23,Intake,16S rRNA,16s rrna,184065.32218185463,Passive,Weekly,260,NA
2021-09-28,Inlet,16S rRNA,16s rrna,198862.02713597415,Passive,Bi-Weekly,260,NA
2021-09-28,Inlet,16S rRNA,16s rrna,103025.25716988355,Grab,Weekly,180,NA
2021-09-28,Outlet,16S rRNA,16s rrna,162429.83153319734,Grab,Weekly,180,NA
2021-09-28,Inlet,16S rRNA,16s rrna,177054.68981067996,Passive,Weekly,260,NA
2021-09-28,Inlet,cyrA,toxins,110.36899725987062,Passive,Weekly,260,italic(`cyrA`)
2021-09-28,Inlet,cyrA,toxins,63.46871737358917,Passive,Bi-Weekly,260,italic(`cyrA`)
2021-09-28,Inlet,cyrA,toxins,54.85430501708706,Grab,Weekly,180,italic(`cyrA`)
2021-09-28,Outlet,cyrA,toxins,587.6566043487819,Grab,Weekly,180,italic(`cyrA`)
2021-09-28,Inlet,sxtA,toxins,NA,Passive,Weekly,260,italic(`sxtA`)
2021-09-28,Inlet,sxtA,toxins,NA,Passive,Bi-Weekly,260,italic(`sxtA`)
2021-09-28,Inlet,sxtA,toxins,NA,Grab,Weekly,180,italic(`sxtA`)
2021-09-28,Outlet,sxtA,toxins,NA,Grab,Weekly,180,italic(`sxtA`)
2021-09-28,Inlet,mcyE/ndaF,toxins,46.74721441859464,Passive,Weekly,260,italic(`mcyE/ndaF`)
2021-09-28,Inlet,mcyE/ndaF,toxins,47.20087743485496,Passive,Bi-Weekly,260,italic(`mcyE/ndaF`)
2021-09-28,Inlet,mcyE/ndaF,toxins,751.8176511208294,Grab,Weekly,180,italic(`mcyE/ndaF`)
2021-09-28,Outlet,mcyE/ndaF,toxins,20597.725226031416,Grab,Weekly,180,italic(`mcyE/ndaF`)
2021-09-29,Intake,cyrA,toxins,91.78819867166644,Passive,Weekly,260,italic(`cyrA`)
2021-09-29,Intake,sxtA,toxins,NA,Passive,Weekly,260,italic(`sxtA`)
2021-09-29,Intake,mcyE/ndaF,toxins,10006.17881038047,Passive,Weekly,260,italic(`mcyE/ndaF`)
2021-09-29,Intake,16S rRNA,16s rrna,435427.6906205578,Passive,Weekly,260,NA
2021-10-05,Inlet,16S rRNA,16s rrna,391702.0171653722,Passive,Weekly,260,NA
2021-10-05,Outlet,16S rRNA,16s rrna,450944.03633944225,Passive,Weekly,260,NA
2021-10-05,Inlet,16S rRNA,16s rrna,97229.50344071958,Grab,Weekly,180,NA
2021-10-05,Outlet,16S rRNA,16s rrna,98249.09854273632,Grab,Weekly,180,NA
2021-10-05,Inlet,cyrA,toxins,254.39647844347,Passive,Weekly,260,italic(`cyrA`)
2021-10-05,Outlet,cyrA,toxins,NA,Passive,Weekly,260,italic(`cyrA`)
2021-10-05,Inlet,cyrA,toxins,19.008491504098924,Grab,Weekly,180,italic(`cyrA`)
2021-10-05,Outlet,cyrA,toxins,393319.0092759488,Grab,Weekly,180,italic(`cyrA`)
2021-10-05,Inlet,sxtA,toxins,NA,Passive,Weekly,260,italic(`sxtA`)
2021-10-05,Outlet,sxtA,toxins,NA,Passive,Weekly,260,italic(`sxtA`)
2021-10-05,Inlet,sxtA,toxins,NA,Grab,Weekly,180,italic(`sxtA`)
2021-10-05,Outlet,sxtA,toxins,NA,Grab,Weekly,180,italic(`sxtA`)
2021-10-05,Inlet,mcyE/ndaF,toxins,803.2681418397011,Passive,Weekly,260,italic(`mcyE/ndaF`)
2021-10-05,Outlet,mcyE/ndaF,toxins,1672.8233300538584,Passive,Weekly,260,italic(`mcyE/ndaF`)
2021-10-05,Inlet,mcyE/ndaF,toxins,936.0172188378522,Grab,Weekly,180,italic(`mcyE/ndaF`)
2021-10-05,Outlet,mcyE/ndaF,toxins,3949.41510661616,Grab,Weekly,180,italic(`mcyE/ndaF`)
2021-10-07,Intake,cyrA,toxins,306.53977466741344,Passive,Weekly,260,italic(`cyrA`)
2021-10-07,Intake,sxtA,toxins,NA,Passive,Weekly,260,italic(`sxtA`)
2021-10-07,Intake,mcyE/ndaF,toxins,19638.63645848711,Passive,Weekly,260,italic(`mcyE/ndaF`)
2021-10-07,Intake,16S rRNA,16s rrna,695816.0932791184,Passive,Weekly,260,NA
2021-10-12,Inlet,16S rRNA,16s rrna,178692.70071036986,Grab,Weekly,180,NA
2021-10-12,Outlet,16S rRNA,16s rrna,87869.26671857233,Grab,Weekly,180,NA
2021-10-12,Inlet,16S rRNA,16s rrna,204320.68650125744,Passive,Bi-Weekly,260,NA
2021-10-12,Outlet,16S rRNA,16s rrna,140795.2970930476,Passive,Weekly,260,NA
2021-10-12,Inlet,16S rRNA,16s rrna,413668.36178949836,Passive,Weekly,260,NA
2021-10-12,Outlet,16S rRNA,16s rrna,164947.53970703392,Passive,Bi-Weekly,260,NA
2021-10-12,Inlet,cyrA,toxins,NA,Passive,Weekly,260,italic(`cyrA`)
2021-10-12,Inlet,cyrA,toxins,63.8469658587668,Passive,Bi-Weekly,260,italic(`cyrA`)
2021-10-12,Outlet,cyrA,toxins,571.1550841933437,Passive,Weekly,260,italic(`cyrA`)
2021-10-12,Outlet,cyrA,toxins,NA,Passive,Bi-Weekly,260,italic(`cyrA`)
2021-10-12,Inlet,cyrA,toxins,43.45094031058855,Grab,Weekly,180,italic(`cyrA`)
2021-10-12,Outlet,cyrA,toxins,219.75326502447217,Grab,Weekly,180,italic(`cyrA`)
2021-10-12,Inlet,sxtA,toxins,NA,Passive,Weekly,260,italic(`sxtA`)
2021-10-12,Inlet,sxtA,toxins,4.9987946838591375,Passive,Bi-Weekly,260,italic(`sxtA`)
2021-10-12,Outlet,sxtA,toxins,NA,Passive,Weekly,260,italic(`sxtA`)
2021-10-12,Outlet,sxtA,toxins,NA,Passive,Bi-Weekly,260,italic(`sxtA`)
2021-10-12,Inlet,sxtA,toxins,NA,Grab,Weekly,180,italic(`sxtA`)
2021-10-12,Outlet,sxtA,toxins,NA,Grab,Weekly,180,italic(`sxtA`)
2021-10-12,Inlet,mcyE/ndaF,toxins,105.27798175402245,Passive,Weekly,260,italic(`mcyE/ndaF`)
2021-10-12,Inlet,mcyE/ndaF,toxins,NA,Passive,Bi-Weekly,260,italic(`mcyE/ndaF`)
2021-10-12,Outlet,mcyE/ndaF,toxins,5507.838640472883,Passive,Weekly,260,italic(`mcyE/ndaF`)
2021-10-12,Outlet,mcyE/ndaF,toxins,1013.9449361898712,Passive,Bi-Weekly,260,italic(`mcyE/ndaF`)
2021-10-12,Inlet,mcyE/ndaF,toxins,1433.8423175823793,Grab,Weekly,180,italic(`mcyE/ndaF`)
2021-10-12,Outlet,mcyE/ndaF,toxins,10635.484495526005,Grab,Weekly,180,italic(`mcyE/ndaF`)
2021-10-14,Intake,16S rRNA,16s rrna,498184.447673214,Passive,Weekly,260,NA
2021-10-14,Intake,cyrA,toxins,2905.6557575089955,Passive,Weekly,260,italic(`cyrA`)
2021-10-14,Intake,sxtA,toxins,NA,Passive,Weekly,260,italic(`sxtA`)
2021-10-14,Intake,mcyE/ndaF,toxins,7135.270888371815,Passive,Weekly,260,italic(`mcyE/ndaF`)
2021-10-19,Outlet,16S rRNA,16s rrna,64381.94051488561,Grab,Weekly,180,NA
2021-10-19,Inlet,16S rRNA,16s rrna,378457.73769524076,Passive,Weekly,260,NA
2021-10-19,Outlet,16S rRNA,16s rrna,214580.30162545966,Passive,Weekly,260,NA
2021-10-19,Inlet,16S rRNA,16s rrna,119726.84057487689,Grab,Weekly,180,NA
2021-10-19,Inlet,cyrA,toxins,4.642424475954442,Grab,Weekly,180,italic(`cyrA`)
2021-10-19,Outlet,cyrA,toxins,17.04262344838107,Grab,Weekly,180,italic(`cyrA`)
2021-10-19,Inlet,cyrA,toxins,NA,Passive,Weekly,260,italic(`cyrA`)
2021-10-19,Inlet,cyrA,toxins,NA,Passive,Bi-Weekly,260,italic(`cyrA`)
2021-10-19,Inlet,cyrA,toxins,476.5391516392298,Passive,Weekly,260,italic(`cyrA`)
2021-10-19,Outlet,cyrA,toxins,27407.158152038643,Passive,Weekly,260,italic(`cyrA`)
2021-10-19,Inlet,sxtA,toxins,NA,Grab,Weekly,180,italic(`sxtA`)
2021-10-19,Outlet,sxtA,toxins,NA,Grab,Weekly,180,italic(`sxtA`)
2021-10-19,Inlet,sxtA,toxins,NA,Passive,Weekly,260,italic(`sxtA`)
2021-10-19,Inlet,sxtA,toxins,NA,Passive,Bi-Weekly,260,italic(`sxtA`)
2021-10-19,Inlet,sxtA,toxins,NA,Passive,Weekly,260,italic(`sxtA`)
2021-10-19,Outlet,sxtA,toxins,25.76344434825083,Passive,Weekly,260,italic(`sxtA`)
2021-10-19,Inlet,mcyE/ndaF,toxins,663.7966277227436,Grab,Weekly,180,italic(`mcyE/ndaF`)
2021-10-19,Outlet,mcyE/ndaF,toxins,1508.5819323547728,Grab,Weekly,180,italic(`mcyE/ndaF`)
2021-10-19,Inlet,mcyE/ndaF,toxins,435.72656491019933,Passive,Weekly,260,italic(`mcyE/ndaF`)
2021-10-19,Inlet,mcyE/ndaF,toxins,NA,Passive,Bi-Weekly,260,italic(`mcyE/ndaF`)
2021-10-19,Inlet,mcyE/ndaF,toxins,370.1960672324261,Passive,Weekly,260,italic(`mcyE/ndaF`)
2021-10-19,Outlet,mcyE/ndaF,toxins,4375.386097773617,Passive,Weekly,260,italic(`mcyE/ndaF`)
2021-10-26,Inlet,16S rRNA,16s rrna,80355.71273299794,Grab,Weekly,180,NA
2021-10-26,Outlet,16S rRNA,16s rrna,150684.57968210863,Grab,Weekly,180,NA
2021-10-26,Outlet,16S rRNA,16s rrna,259130.09089151834,Passive,Weekly,260,NA
2021-10-26,Inlet,16S rRNA,16s rrna,248619.15602020096,Passive,Bi-Weekly,260,NA
2021-10-26,Outlet,16S rRNA,16s rrna,576830.0932060746,Passive,Bi-Weekly,260,NA
2021-10-26,Inlet,16S rRNA,16s rrna,242864.9568110182,Passive,Weekly,260,NA
2021-10-26,Outlet,cyrA,toxins,573.8506217533344,Passive,Weekly,260,italic(`cyrA`)
2021-10-26,Outlet,cyrA,toxins,NA,Passive,Bi-Weekly,260,italic(`cyrA`)
2021-10-26,Outlet,cyrA,toxins,41.08560245265787,Grab,Weekly,180,italic(`cyrA`)
2021-10-26,Inlet,cyrA,toxins,NA,Grab,Weekly,180,italic(`cyrA`)
2021-10-26,Outlet,sxtA,toxins,NA,Passive,Weekly,260,italic(`sxtA`)
2021-10-26,Outlet,sxtA,toxins,NA,Passive,Bi-Weekly,260,italic(`sxtA`)
2021-10-26,Outlet,sxtA,toxins,NA,Grab,Weekly,180,italic(`sxtA`)
2021-10-26,Inlet,sxtA,toxins,NA,Grab,Weekly,180,italic(`sxtA`)
2021-10-26,Outlet,mcyE/ndaF,toxins,6.986397020516909,Passive,Weekly,260,italic(`mcyE/ndaF`)
2021-10-26,Outlet,mcyE/ndaF,toxins,4209.467028556275,Passive,Bi-Weekly,260,italic(`mcyE/ndaF`)
2021-10-26,Outlet,mcyE/ndaF,toxins,9305.410531566742,Grab,Weekly,180,italic(`mcyE/ndaF`)
2021-10-26,Inlet,mcyE/ndaF,toxins,168.39049698465678,Grab,Weekly,180,italic(`mcyE/ndaF`)
2021-11-02,Inlet,16S rRNA,16s rrna,147609.86616817524,Passive,Weekly,260,NA
2021-11-02,Outlet,16S rRNA,16s rrna,269006.41764948313,Passive,Weekly,260,NA
2021-11-02,Inlet,16S rRNA,16s rrna,157859.8577544212,Grab,Weekly,180,NA
2021-11-02,Outlet,16S rRNA,16s rrna,75418.79871883537,Grab,Weekly,180,NA
2021-11-02,Inlet,cyrA,toxins,NA,Passive,Weekly,260,italic(`cyrA`)
2021-11-02,Outlet,cyrA,toxins,NA,Passive,Weekly,260,italic(`cyrA`)
2021-11-02,Inlet,cyrA,toxins,NA,Grab,Weekly,180,italic(`cyrA`)
2021-11-02,Outlet,cyrA,toxins,4.4199473482259295,Grab,Weekly,180,italic(`cyrA`)
2021-11-02,Inlet,sxtA,toxins,NA,Passive,Weekly,260,italic(`sxtA`)
2021-11-02,Outlet,sxtA,toxins,505.8751152498107,Passive,Weekly,260,italic(`sxtA`)
2021-11-02,Inlet,sxtA,toxins,NA,Grab,Weekly,180,italic(`sxtA`)
2021-11-02,Outlet,sxtA,toxins,NA,Grab,Weekly,180,italic(`sxtA`)
2021-11-02,Inlet,mcyE/ndaF,toxins,54.35622848066724,Passive,Weekly,260,italic(`mcyE/ndaF`)
2021-11-02,Outlet,mcyE/ndaF,toxins,1137.8511468965999,Passive,Weekly,260,italic(`mcyE/ndaF`)
2021-11-02,Inlet,mcyE/ndaF,toxins,302.11206611891487,Grab,Weekly,180,italic(`mcyE/ndaF`)
2021-11-02,Outlet,mcyE/ndaF,toxins,4138.913155906317,Grab,Weekly,180,italic(`mcyE/ndaF`)
2021-11-04,Intake,16S rRNA,16s rrna,23878.08615691884,Passive,Weekly,260,NA
2021-11-04,Intake,cyrA,toxins,NA,Passive,Weekly,260,italic(`cyrA`)
2021-11-04,Intake,sxtA,toxins,NA,Passive,Weekly,260,italic(`sxtA`)
2021-11-04,Intake,mcyE/ndaF,toxins,24.636201453338096,Passive,Weekly,260,italic(`mcyE/ndaF`)
2021-11-09,Outlet,16S rRNA,16s rrna,84864.90877523174,Passive,Weekly,260,NA
2021-11-09,Inlet,16S rRNA,16s rrna,219014.8726952127,Grab,Weekly,180,NA
2021-11-09,Outlet,16S rRNA,16s rrna,68142.94379850099,Grab,Weekly,180,NA
2021-11-09,Inlet,16S rRNA,16s rrna,342663.4640727389,Passive,Weekly,260,NA
2021-11-09,Inlet,16S rRNA,16s rrna,471565.4360237798,Passive,Bi-Weekly,260,NA
2021-11-09,Inlet,cyrA,toxins,303.6666978104278,Passive,Weekly,260,italic(`cyrA`)
2021-11-09,Inlet,cyrA,toxins,NA,Passive,Bi-Weekly,260,italic(`cyrA`)
2021-11-09,Outlet,cyrA,toxins,NA,Passive,Weekly,260,italic(`cyrA`)
2021-11-09,Inlet,cyrA,toxins,NA,Grab,Weekly,180,italic(`cyrA`)
2021-11-09,Outlet,cyrA,toxins,NA,Grab,Weekly,180,italic(`cyrA`)
2021-11-09,Inlet,sxtA,toxins,NA,Passive,Weekly,260,italic(`sxtA`)
2021-11-09,Inlet,sxtA,toxins,NA,Passive,Bi-Weekly,260,italic(`sxtA`)
2021-11-09,Outlet,sxtA,toxins,NA,Passive,Weekly,260,italic(`sxtA`)
2021-11-09,Inlet,sxtA,toxins,NA,Grab,Weekly,180,italic(`sxtA`)
2021-11-09,Outlet,sxtA,toxins,NA,Grab,Weekly,180,italic(`sxtA`)
2021-11-09,Inlet,mcyE/ndaF,toxins,374.353592110676,Passive,Weekly,260,italic(`mcyE/ndaF`)
2021-11-09,Inlet,mcyE/ndaF,toxins,75.61482512763327,Passive,Bi-Weekly,260,italic(`mcyE/ndaF`)
2021-11-09,Outlet,mcyE/ndaF,toxins,NA,Passive,Weekly,260,italic(`mcyE/ndaF`)
2021-11-09,Inlet,mcyE/ndaF,toxins,169.03207417665115,Grab,Weekly,180,italic(`mcyE/ndaF`)
2021-11-09,Outlet,mcyE/ndaF,toxins,313.73737337102534,Grab,Weekly,180,italic(`mcyE/ndaF`)
2021-11-16,Inlet,16S rRNA,16s rrna,150510.91826297296,Passive,Weekly,260,NA
2021-11-16,Outlet,16S rRNA,16s rrna,99051.15553705352,Passive,Weekly,260,NA
2021-11-16,Inlet,16S rRNA,16s rrna,235569.2120568409,Grab,Weekly,180,NA
2021-11-16,Outlet,16S rRNA,16s rrna,78942.28337255868,Grab,Weekly,180,NA
2021-11-16,Outlet,cyrA,toxins,NA,Grab,Weekly,180,italic(`cyrA`)
2021-11-16,Inlet,cyrA,toxins,124.90945408955402,Passive,Weekly,260,italic(`cyrA`)
2021-11-16,Outlet,cyrA,toxins,NA,Passive,Weekly,260,italic(`cyrA`)
2021-11-16,Inlet,cyrA,toxins,NA,Grab,Weekly,180,italic(`cyrA`)
2021-11-16,Outlet,sxtA,toxins,NA,Grab,Weekly,180,italic(`sxtA`)
2021-11-16,Inlet,sxtA,toxins,NA,Passive,Weekly,260,italic(`sxtA`)
2021-11-16,Outlet,sxtA,toxins,NA,Passive,Weekly,260,italic(`sxtA`)
2021-11-16,Inlet,sxtA,toxins,NA,Grab,Weekly,180,italic(`sxtA`)
2021-11-16,Outlet,mcyE/ndaF,toxins,840.9593578792427,Grab,Weekly,180,italic(`mcyE/ndaF`)
2021-11-16,Inlet,mcyE/ndaF,toxins,423.05278907799396,Passive,Weekly,260,italic(`mcyE/ndaF`)
2021-11-16,Outlet,mcyE/ndaF,toxins,565.6939572071614,Passive,Weekly,260,italic(`mcyE/ndaF`)
2021-11-16,Inlet,mcyE/ndaF,toxins,593.7456314339368,Grab,Weekly,180,italic(`mcyE/ndaF`)
2021-11-25,Intake,16S rRNA,16s rrna,113565.60033290688,Passive,Weekly,260,NA
2021-11-25,Intake,cyrA,toxins,NA,Passive,Weekly,260,italic(`cyrA`)
2021-11-25,Intake,sxtA,toxins,NA,Passive,Weekly,260,italic(`sxtA`)
2021-11-25,Intake,mcyE/ndaF,toxins,6860.19529919375,Passive,Weekly,260,italic(`mcyE/ndaF`)
2021-11-30,Outlet,16S rRNA,16s rrna,107690.62699640219,Passive,Bi-Weekly,260,NA
2021-11-30,Inlet,16S rRNA,16s rrna,182407.1435155898,Grab,Weekly,180,NA
2021-11-30,Outlet,16S rRNA,16s rrna,158641.73006057309,Grab,Weekly,180,NA
2021-11-30,Inlet,16S rRNA,16s rrna,778904.5636140425,Passive,Bi-Weekly,260,NA
2021-11-30,Inlet,cyrA,toxins,NA,Passive,Bi-Weekly,260,italic(`cyrA`)
2021-11-30,Outlet,cyrA,toxins,NA,Passive,Bi-Weekly,260,italic(`cyrA`)
2021-11-30,Inlet,cyrA,toxins,4.863381302297895,Grab,Weekly,180,italic(`cyrA`)
2021-11-30,Outlet,cyrA,toxins,NA,Grab,Weekly,180,italic(`cyrA`)
2021-11-30,Inlet,sxtA,toxins,NA,Passive,Bi-Weekly,260,italic(`sxtA`)
2021-11-30,Outlet,sxtA,toxins,NA,Passive,Bi-Weekly,260,italic(`sxtA`)
2021-11-30,Inlet,sxtA,toxins,NA,Grab,Weekly,180,italic(`sxtA`)
2021-11-30,Outlet,sxtA,toxins,NA,Grab,Weekly,180,italic(`sxtA`)
2021-11-30,Inlet,mcyE/ndaF,toxins,269.3795129128099,Passive,Bi-Weekly,260,italic(`mcyE/ndaF`)
2021-11-30,Outlet,mcyE/ndaF,toxins,NA,Passive,Bi-Weekly,260,italic(`mcyE/ndaF`)
2021-11-30,Inlet,mcyE/ndaF,toxins,1154.5865379975512,Grab,Weekly,180,italic(`mcyE/ndaF`)
2021-11-30,Outlet,mcyE/ndaF,toxins,453.0448041596573,Grab,Weekly,180,italic(`mcyE/ndaF`)
2021-07-19,Intake,16S rRNA,16s,61524.24399999999,Grab,Weekly,45,NA
2021-07-29,Intake,16S rRNA,16s,60204.052,Grab,Weekly,45,NA
2021-08-12,Intake,16S rRNA,16s,46159.748,Grab,Weekly,45,NA
2021-08-26,Intake,16S rRNA,16s,64020.043999999994,Grab,Weekly,45,NA
2021-09-09,Intake,16S rRNA,16s,11973.656,Grab,Weekly,45,NA
2021-09-23,Intake,16S rRNA,16s,25461.888,Grab,Weekly,45,NA
2021-10-07,Intake,16S rRNA,16s,13839.011999999999,Grab,Weekly,45,NA
2021-10-21,Intake,16S rRNA,16s,8263.012,Grab,Weekly,45,NA
2021-10-28,Intake,16S rRNA,16s,7297.016,Grab,Weekly,45,NA
2021-07-19,Intake,mcyE/ndaF,toxins,NA,Grab,Weekly,45,italic(`mcyE/ndaF`)
2021-07-19,Intake,cyrA,toxins,NA,Grab,Weekly,45,italic(`cyrA`)
2021-07-19,Intake,sxtA,toxins,NA,Grab,Weekly,45,italic(`sxtA`)
2021-07-29,Intake,mcyE/ndaF,toxins,NA,Grab,Weekly,45,italic(`mcyE/ndaF`)
2021-07-29,Intake,cyrA,toxins,NA,Grab,Weekly,45,italic(`cyrA`)
2021-07-29,Intake,sxtA,toxins,NA,Grab,Weekly,45,italic(`sxtA`)
2021-08-12,Intake,mcyE/ndaF,toxins,NA,Grab,Weekly,45,italic(`mcyE/ndaF`)
2021-08-12,Intake,cyrA,toxins,NA,Grab,Weekly,45,italic(`cyrA`)
2021-08-12,Intake,sxtA,toxins,NA,Grab,Weekly,45,italic(`sxtA`)
2021-08-26,Intake,mcyE/ndaF,toxins,NA,Grab,Weekly,45,italic(`mcyE/ndaF`)
2021-08-26,Intake,cyrA,toxins,NA,Grab,Weekly,45,italic(`cyrA`)
2021-08-26,Intake,sxtA,toxins,NA,Grab,Weekly,45,italic(`sxtA`)
2021-09-09,Intake,mcyE/ndaF,toxins,NA,Grab,Weekly,45,italic(`mcyE/ndaF`)
2021-09-09,Intake,cyrA,toxins,NA,Grab,Weekly,45,italic(`cyrA`)
2021-09-09,Intake,sxtA,toxins,NA,Grab,Weekly,45,italic(`sxtA`)
2021-09-16,Intake,mcyE/ndaF,toxins,NA,Grab,Weekly,45,italic(`mcyE/ndaF`)
2021-09-16,Intake,cyrA,toxins,NA,Grab,Weekly,45,italic(`cyrA`)
2021-09-16,Intake,sxtA,toxins,NA,Grab,Weekly,45,italic(`sxtA`)
2021-09-23,Intake,mcyE/ndaF,toxins,255.688,Grab,Weekly,45,italic(`mcyE/ndaF`)
2021-09-23,Intake,cyrA,toxins,NA,Grab,Weekly,45,italic(`cyrA`)
2021-09-23,Intake,sxtA,toxins,NA,Grab,Weekly,45,italic(`sxtA`)
2021-09-29,Intake,mcyE/ndaF,toxins,288.44,Grab,Weekly,45,italic(`mcyE/ndaF`)
2021-09-29,Intake,cyrA,toxins,NA,Grab,Weekly,45,italic(`cyrA`)
2021-09-29,Intake,sxtA,toxins,NA,Grab,Weekly,45,italic(`sxtA`)
2021-10-07,Intake,mcyE/ndaF,toxins,NA,Grab,Weekly,45,italic(`mcyE/ndaF`)
2021-10-07,Intake,cyrA,toxins,NA,Grab,Weekly,45,italic(`cyrA`)
2021-10-07,Intake,sxtA,toxins,NA,Grab,Weekly,45,italic(`sxtA`)
2021-10-14,Intake,mcyE/ndaF,toxins,NA,Grab,Weekly,45,italic(`mcyE/ndaF`)
2021-10-14,Intake,cyrA,toxins,NA,Grab,Weekly,45,italic(`cyrA`)
2021-10-14,Intake,sxtA,toxins,NA,Grab,Weekly,45,italic(`sxtA`)
2021-10-21,Intake,mcyE/ndaF,toxins,NA,Grab,Weekly,45,italic(`mcyE/ndaF`)
2021-10-21,Intake,cyrA,toxins,NA,Grab,Weekly,45,italic(`cyrA`)
2021-10-21,Intake,sxtA,toxins,NA,Grab,Weekly,45,italic(`sxtA`)
